budget_record_id,mp_id,mp_name,financial_year,opening_balance_demo,annual_allocation_demo,sanctioned_amount_demo,expenditure_demo,closing_balance_demo,data_type
BR000001,MP001,Amit Sharma,2022-23,10947530,50000000,46313000,20338000,40609530,SYNTHETIC_DEMO_NOT_OFFICIAL_ACCOUNTING
BR000002,MP001,Amit Sharma,2023-24,40609530,50000000,38853000,23191000,67418530,SYNTHETIC_DEMO_NOT_OFFICIAL_ACCOUNTING
BR000003,MP001,Amit Sharma,2024-25,67418530,50000000,29936000,12347000,105071530,SYNTHETIC_DEMO_NOT_OFFICIAL_ACCOUNTING
BR000004,MP001,Amit Sharma,2025-26,105071530,50000000,29555000,21785000,133286530,SYNTHETIC_DEMO_NOT_OFFICIAL_ACCOUNTING
BR000005,MP001,Amit Sharma,2026-27,133286530,50000000,26342000,17422000,165864530,SYNTHETIC_DEMO_NOT_OFFICIAL_ACCOUNTING
BR000006,MP002,Rahul Singh,2022-23,11022314,50000000,48785000,36185000,24837314,SYNTHETIC_DEMO_NOT_OFFICIAL_ACCOUNTING
BR000007,MP002,Rahul Singh,2023-24,24837314,50000000,43047000,38070000,36767314,SYNTHETIC_DEMO_NOT_OFFICIAL_ACCOUNTING
BR000008,MP002,Rahul Singh,2024-25,36767314,50000000,35210000,22028000,64739314,SYNTHETIC_DEMO_NOT_OFFICIAL_ACCOUNTING
BR000009,MP002,Rahul Singh,2025-26,64739314,50000000,33381000,14633000,100106314,SYNTHETIC_DEMO_NOT_OFFICIAL_ACCOUNTING
BR000010,MP002,Rahul Singh,2026-27,100106314,50000000,33639000,14230000,135876314,SYNTHETIC_DEMO_NOT_OFFICIAL_ACCOUNTING
BR000011,MP003,Priya Joshi,2022-23,14021694,50000000,43618000,18411000,45610694,SYNTHETIC_DEMO_NOT_OFFICIAL_ACCOUNTING
BR000012,MP003,Priya Joshi,2023-24,45610694,50000000,30545000,18166000,77444694,SYNTHETIC_DEMO_NOT_OFFICIAL_ACCOUNTING
BR000013,MP003,Priya Joshi,2024-25,77444694,50000000,31451000,16933000,110511694,SYNTHETIC_DEMO_NOT_OFFICIAL_ACCOUNTING
BR000014,MP003,Priya Joshi,2025-26,110511694,50000000,28817000,21394000,139117694,SYNTHETIC_DEMO_NOT_OFFICIAL_ACCOUNTING
BR000015,MP003,Priya Joshi,2026-27,139117694,50000000,37987000,22455000,166662694,SYNTHETIC_DEMO_NOT_OFFICIAL_ACCOUNTING
BR000016,MP004,Anita Mehta,2022-23,13586760,50000000,25635000,14057000,49529760,SYNTHETIC_DEMO_NOT_OFFICIAL_ACCOUNTING
BR000017,MP004,Anita Mehta,2023-24,49529760,50000000,46134000,39937000,59592760,SYNTHETIC_DEMO_NOT_OFFICIAL_ACCOUNTING
BR000018,MP004,Anita Mehta,2024-25,59592760,50000000,43654000,26375000,83217760,SYNTHETIC_DEMO_NOT_OFFICIAL_ACCOUNTING
BR000019,MP004,Anita Mehta,2025-26,83217760,50000000,41318000,16235000,116982760,SYNTHETIC_DEMO_NOT_OFFICIAL_ACCOUNTING
BR000020,MP004,Anita Mehta,2026-27,116982760,50000000,27464000,10013000,156969760,SYNTHETIC_DEMO_NOT_OFFICIAL_ACCOUNTING
BR000021,MP005,Ravi Nair,2022-23,1329442,50000000,42776000,18084000,33245442,SYNTHETIC_DEMO_NOT_OFFICIAL_ACCOUNTING
BR000022,MP005,Ravi Nair,2023-24,33245442,50000000,48045000,36586000,46659442,SYNTHETIC_DEMO_NOT_OFFICIAL_ACCOUNTING
BR000023,MP005,Ravi Nair,2024-25,46659442,50000000,44014000,26116000,70543442,SYNTHETIC_DEMO_NOT_OFFICIAL_ACCOUNTING
BR000024,MP005,Ravi Nair,2025-26,70543442,50000000,29910000,10605000,109938442,SYNTHETIC_DEMO_NOT_OFFICIAL_ACCOUNTING
BR000025,MP005,Ravi Nair,2026-27,109938442,50000000,28525000,18397000,141541442,SYNTHETIC_DEMO_NOT_OFFICIAL_ACCOUNTING
BR000026,MP006,Neha Sharma,2022-23,5867011,50000000,44876000,27068000,28799011,SYNTHETIC_DEMO_NOT_OFFICIAL_ACCOUNTING
BR000027,MP006,Neha Sharma,2023-24,28799011,50000000,33956000,22031000,56768011,SYNTHETIC_DEMO_NOT_OFFICIAL_ACCOUNTING
BR000028,MP006,Neha Sharma,2024-25,56768011,50000000,39596000,24590000,82178011,SYNTHETIC_DEMO_NOT_OFFICIAL_ACCOUNTING
BR000029,MP006,Neha Sharma,2025-26,82178011,50000000,42942000,34370000,97808011,SYNTHETIC_DEMO_NOT_OFFICIAL_ACCOUNTING
BR000030,MP006,Neha Sharma,2026-27,97808011,50000000,45265000,19959000,127849011,SYNTHETIC_DEMO_NOT_OFFICIAL_ACCOUNTING
BR000031,MP007,Vikram Singh,2022-23,14116891,50000000,26733000,10039000,54077891,SYNTHETIC_DEMO_NOT_OFFICIAL_ACCOUNTING
BR000032,MP007,Vikram Singh,2023-24,54077891,50000000,46903000,32022000,72055891,SYNTHETIC_DEMO_NOT_OFFICIAL_ACCOUNTING
BR000033,MP007,Vikram Singh,2024-25,72055891,50000000,27710000,19233000,102822891,SYNTHETIC_DEMO_NOT_OFFICIAL_ACCOUNTING
BR000034,MP007,Vikram Singh,2025-26,102822891,50000000,30640000,20802000,132020891,SYNTHETIC_DEMO_NOT_OFFICIAL_ACCOUNTING
BR000035,MP007,Vikram Singh,2026-27,132020891,50000000,30660000,17229000,164791891,SYNTHETIC_DEMO_NOT_OFFICIAL_ACCOUNTING
BR000036,MP008,Suresh Joshi,2022-23,3866849,50000000,27338000,13325000,40541849,SYNTHETIC_DEMO_NOT_OFFICIAL_ACCOUNTING
BR000037,MP008,Suresh Joshi,2023-24,40541849,50000000,49192000,31712000,58829849,SYNTHETIC_DEMO_NOT_OFFICIAL_ACCOUNTING
BR000038,MP008,Suresh Joshi,2024-25,58829849,50000000,35484000,20552000,88277849,SYNTHETIC_DEMO_NOT_OFFICIAL_ACCOUNTING
BR000039,MP008,Suresh Joshi,2025-26,88277849,50000000,45577000,16443000,121834849,SYNTHETIC_DEMO_NOT_OFFICIAL_ACCOUNTING
BR000040,MP008,Suresh Joshi,2026-27,121834849,50000000,45975000,24681000,147153849,SYNTHETIC_DEMO_NOT_OFFICIAL_ACCOUNTING
BR000041,MP009,Kavita Mehta,2022-23,12846265,50000000,25222000,12868000,49978265,SYNTHETIC_DEMO_NOT_OFFICIAL_ACCOUNTING
BR000042,MP009,Kavita Mehta,2023-24,49978265,50000000,31732000,27194000,72784265,SYNTHETIC_DEMO_NOT_OFFICIAL_ACCOUNTING
BR000043,MP009,Kavita Mehta,2024-25,72784265,50000000,38870000,28074000,94710265,SYNTHETIC_DEMO_NOT_OFFICIAL_ACCOUNTING
BR000044,MP009,Kavita Mehta,2025-26,94710265,50000000,27651000,10914000,133796265,SYNTHETIC_DEMO_NOT_OFFICIAL_ACCOUNTING
BR000045,MP009,Kavita Mehta,2026-27,133796265,50000000,41540000,18039000,165757265,SYNTHETIC_DEMO_NOT_OFFICIAL_ACCOUNTING
BR000046,MP010,Arjun Nair,2022-23,981556,50000000,25029000,13204000,37777556,SYNTHETIC_DEMO_NOT_OFFICIAL_ACCOUNTING
BR000047,MP010,Arjun Nair,2023-24,37777556,50000000,44145000,18074000,69703556,SYNTHETIC_DEMO_NOT_OFFICIAL_ACCOUNTING
BR000048,MP010,Arjun Nair,2024-25,69703556,50000000,39663000,26003000,93700556,SYNTHETIC_DEMO_NOT_OFFICIAL_ACCOUNTING
BR000049,MP010,Arjun Nair,2025-26,93700556,50000000,49658000,33488000,110212556,SYNTHETIC_DEMO_NOT_OFFICIAL_ACCOUNTING
BR000050,MP010,Arjun Nair,2026-27,110212556,50000000,47709000,27228000,132984556,SYNTHETIC_DEMO_NOT_OFFICIAL_ACCOUNTING
BR000051,MP011,Meena Sharma,2022-23,12473570,50000000,25993000,11967000,50506570,SYNTHETIC_DEMO_NOT_OFFICIAL_ACCOUNTING
BR000052,MP011,Meena Sharma,2023-24,50506570,50000000,27823000,15572000,84934570,SYNTHETIC_DEMO_NOT_OFFICIAL_ACCOUNTING
BR000053,MP011,Meena Sharma,2024-25,84934570,50000000,42391000,24310000,110624570,SYNTHETIC_DEMO_NOT_OFFICIAL_ACCOUNTING
BR000054,MP011,Meena Sharma,2025-26,110624570,50000000,48919000,41791000,118833570,SYNTHETIC_DEMO_NOT_OFFICIAL_ACCOUNTING
BR000055,MP011,Meena Sharma,2026-27,118833570,50000000,26076000,11011000,157822570,SYNTHETIC_DEMO_NOT_OFFICIAL_ACCOUNTING
BR000056,MP012,Nitin Singh,2022-23,4431735,50000000,44219000,19369000,35062735,SYNTHETIC_DEMO_NOT_OFFICIAL_ACCOUNTING
BR000057,MP012,Nitin Singh,2023-24,35062735,50000000,39412000,28704000,56358735,SYNTHETIC_DEMO_NOT_OFFICIAL_ACCOUNTING
BR000058,MP012,Nitin Singh,2024-25,56358735,50000000,45514000,30660000,75698735,SYNTHETIC_DEMO_NOT_OFFICIAL_ACCOUNTING
BR000059,MP012,Nitin Singh,2025-26,75698735,50000000,46216000,33341000,92357735,SYNTHETIC_DEMO_NOT_OFFICIAL_ACCOUNTING
BR000060,MP012,Nitin Singh,2026-27,92357735,50000000,42184000,17308000,125049735,SYNTHETIC_DEMO_NOT_OFFICIAL_ACCOUNTING
BR000061,MP013,Pooja Joshi,2022-23,8311532,50000000,45676000,18948000,39363532,SYNTHETIC_DEMO_NOT_OFFICIAL_ACCOUNTING
BR000062,MP013,Pooja Joshi,2023-24,39363532,50000000,27969000,11805000,77558532,SYNTHETIC_DEMO_NOT_OFFICIAL_ACCOUNTING
BR000063,MP013,Pooja Joshi,2024-25,77558532,50000000,29931000,13606000,113952532,SYNTHETIC_DEMO_NOT_OFFICIAL_ACCOUNTING
BR000064,MP013,Pooja Joshi,2025-26,113952532,50000000,41283000,32405000,131547532,SYNTHETIC_DEMO_NOT_OFFICIAL_ACCOUNTING
BR000065,MP013,Pooja Joshi,2026-27,131547532,50000000,27254000,24481000,157066532,SYNTHETIC_DEMO_NOT_OFFICIAL_ACCOUNTING
BR000066,MP014,Manoj Mehta,2022-23,10634291,50000000,48281000,40070000,20564291,SYNTHETIC_DEMO_NOT_OFFICIAL_ACCOUNTING
BR000067,MP014,Manoj Mehta,2023-24,20564291,50000000,36492000,33394000,37170291,SYNTHETIC_DEMO_NOT_OFFICIAL_ACCOUNTING
BR000068,MP014,Manoj Mehta,2024-25,37170291,50000000,33920000,24965000,62205291,SYNTHETIC_DEMO_NOT_OFFICIAL_ACCOUNTING
BR000069,MP014,Manoj Mehta,2025-26,62205291,50000000,45241000,36793000,75412291,SYNTHETIC_DEMO_NOT_OFFICIAL_ACCOUNTING
BR000070,MP014,Manoj Mehta,2026-27,75412291,50000000,48711000,27030000,98382291,SYNTHETIC_DEMO_NOT_OFFICIAL_ACCOUNTING
BR000071,MP015,Deepak Nair,2022-23,12681885,50000000,28870000,26168000,36513885,SYNTHETIC_DEMO_NOT_OFFICIAL_ACCOUNTING
BR000072,MP015,Deepak Nair,2023-24,36513885,50000000,31658000,16807000,69706885,SYNTHETIC_DEMO_NOT_OFFICIAL_ACCOUNTING
BR000073,MP015,Deepak Nair,2024-25,69706885,50000000,45448000,33907000,85799885,SYNTHETIC_DEMO_NOT_OFFICIAL_ACCOUNTING
BR000074,MP015,Deepak Nair,2025-26,85799885,50000000,36112000,24391000,111408885,SYNTHETIC_DEMO_NOT_OFFICIAL_ACCOUNTING
BR000075,MP015,Deepak Nair,2026-27,111408885,50000000,36798000,16510000,144898885,SYNTHETIC_DEMO_NOT_OFFICIAL_ACCOUNTING
BR000076,MP016,Amit Sharma,2022-23,13804312,50000000,39474000,27189000,36615312,SYNTHETIC_DEMO_NOT_OFFICIAL_ACCOUNTING
BR000077,MP016,Amit Sharma,2023-24,36615312,50000000,48648000,34303000,52312312,SYNTHETIC_DEMO_NOT_OFFICIAL_ACCOUNTING
BR000078,MP016,Amit Sharma,2024-25,52312312,50000000,41464000,26838000,75474312,SYNTHETIC_DEMO_NOT_OFFICIAL_ACCOUNTING
BR000079,MP016,Amit Sharma,2025-26,75474312,50000000,36426000,16213000,109261312,SYNTHETIC_DEMO_NOT_OFFICIAL_ACCOUNTING
BR000080,MP016,Amit Sharma,2026-27,109261312,50000000,39031000,33244000,126017312,SYNTHETIC_DEMO_NOT_OFFICIAL_ACCOUNTING
BR000081,MP017,Rahul Singh,2022-23,3018120,50000000,37922000,22896000,30122120,SYNTHETIC_DEMO_NOT_OFFICIAL_ACCOUNTING
BR000082,MP017,Rahul Singh,2023-24,30122120,50000000,29067000,17247000,62875120,SYNTHETIC_DEMO_NOT_OFFICIAL_ACCOUNTING
BR000083,MP017,Rahul Singh,2024-25,62875120,50000000,31717000,20919000,91956120,SYNTHETIC_DEMO_NOT_OFFICIAL_ACCOUNTING
BR000084,MP017,Rahul Singh,2025-26,91956120,50000000,28208000,25745000,116211120,SYNTHETIC_DEMO_NOT_OFFICIAL_ACCOUNTING
BR000085,MP017,Rahul Singh,2026-27,116211120,50000000,45590000,21840000,144371120,SYNTHETIC_DEMO_NOT_OFFICIAL_ACCOUNTING
BR000086,MP018,Priya Joshi,2022-23,7254751,50000000,46839000,19888000,37366751,SYNTHETIC_DEMO_NOT_OFFICIAL_ACCOUNTING
BR000087,MP018,Priya Joshi,2023-24,37366751,50000000,38725000,29507000,57859751,SYNTHETIC_DEMO_NOT_OFFICIAL_ACCOUNTING
BR000088,MP018,Priya Joshi,2024-25,57859751,50000000,37901000,24455000,83404751,SYNTHETIC_DEMO_NOT_OFFICIAL_ACCOUNTING
BR000089,MP018,Priya Joshi,2025-26,83404751,50000000,42235000,38130000,95274751,SYNTHETIC_DEMO_NOT_OFFICIAL_ACCOUNTING
BR000090,MP018,Priya Joshi,2026-27,95274751,50000000,27199000,9835000,135439751,SYNTHETIC_DEMO_NOT_OFFICIAL_ACCOUNTING
BR000091,MP019,Anita Mehta,2022-23,6845312,50000000,29273000,13306000,43539312,SYNTHETIC_DEMO_NOT_OFFICIAL_ACCOUNTING
BR000092,MP019,Anita Mehta,2023-24,43539312,50000000,44997000,37147000,56392312,SYNTHETIC_DEMO_NOT_OFFICIAL_ACCOUNTING
BR000093,MP019,Anita Mehta,2024-25,56392312,50000000,40224000,27821000,78571312,SYNTHETIC_DEMO_NOT_OFFICIAL_ACCOUNTING
BR000094,MP019,Anita Mehta,2025-26,78571312,50000000,25316000,19620000,108951312,SYNTHETIC_DEMO_NOT_OFFICIAL_ACCOUNTING
BR000095,MP019,Anita Mehta,2026-27,108951312,50000000,47332000,33424000,125527312,SYNTHETIC_DEMO_NOT_OFFICIAL_ACCOUNTING
BR000096,MP020,Ravi Nair,2022-23,4316492,50000000,28394000,24369000,29947492,SYNTHETIC_DEMO_NOT_OFFICIAL_ACCOUNTING
BR000097,MP020,Ravi Nair,2023-24,29947492,50000000,46245000,25006000,54941492,SYNTHETIC_DEMO_NOT_OFFICIAL_ACCOUNTING
BR000098,MP020,Ravi Nair,2024-25,54941492,50000000,41446000,28192000,76749492,SYNTHETIC_DEMO_NOT_OFFICIAL_ACCOUNTING
BR000099,MP020,Ravi Nair,2025-26,76749492,50000000,49133000,27599000,99150492,SYNTHETIC_DEMO_NOT_OFFICIAL_ACCOUNTING
BR000100,MP020,Ravi Nair,2026-27,99150492,50000000,30710000,14298000,134852492,SYNTHETIC_DEMO_NOT_OFFICIAL_ACCOUNTING
BR000101,MP021,Neha Sharma,2022-23,4270548,50000000,27890000,20795000,33475548,SYNTHETIC_DEMO_NOT_OFFICIAL_ACCOUNTING
BR000102,MP021,Neha Sharma,2023-24,33475548,50000000,29146000,25443000,58032548,SYNTHETIC_DEMO_NOT_OFFICIAL_ACCOUNTING
BR000103,MP021,Neha Sharma,2024-25,58032548,50000000,37772000,29084000,78948548,SYNTHETIC_DEMO_NOT_OFFICIAL_ACCOUNTING
BR000104,MP021,Neha Sharma,2025-26,78948548,50000000,43470000,30733000,98215548,SYNTHETIC_DEMO_NOT_OFFICIAL_ACCOUNTING
BR000105,MP021,Neha Sharma,2026-27,98215548,50000000,33493000,23749000,124466548,SYNTHETIC_DEMO_NOT_OFFICIAL_ACCOUNTING
BR000106,MP022,Vikram Singh,2022-23,12263645,50000000,42415000,19419000,42844645,SYNTHETIC_DEMO_NOT_OFFICIAL_ACCOUNTING
BR000107,MP022,Vikram Singh,2023-24,42844645,50000000,48846000,25118000,67726645,SYNTHETIC_DEMO_NOT_OFFICIAL_ACCOUNTING
BR000108,MP022,Vikram Singh,2024-25,67726645,50000000,35793000,25896000,91830645,SYNTHETIC_DEMO_NOT_OFFICIAL_ACCOUNTING
BR000109,MP022,Vikram Singh,2025-26,91830645,50000000,33726000,24616000,117214645,SYNTHETIC_DEMO_NOT_OFFICIAL_ACCOUNTING
BR000110,MP022,Vikram Singh,2026-27,117214645,50000000,38057000,23390000,143824645,SYNTHETIC_DEMO_NOT_OFFICIAL_ACCOUNTING
BR000111,MP023,Suresh Joshi,2022-23,3669720,50000000,34639000,18853000,34816720,SYNTHETIC_DEMO_NOT_OFFICIAL_ACCOUNTING
BR000112,MP023,Suresh Joshi,2023-24,34816720,50000000,45440000,28696000,56120720,SYNTHETIC_DEMO_NOT_OFFICIAL_ACCOUNTING
BR000113,MP023,Suresh Joshi,2024-25,56120720,50000000,35759000,31730000,74390720,SYNTHETIC_DEMO_NOT_OFFICIAL_ACCOUNTING
BR000114,MP023,Suresh Joshi,2025-26,74390720,50000000,28065000,20879000,103511720,SYNTHETIC_DEMO_NOT_OFFICIAL_ACCOUNTING
BR000115,MP023,Suresh Joshi,2026-27,103511720,50000000,27545000,17155000,136356720,SYNTHETIC_DEMO_NOT_OFFICIAL_ACCOUNTING
BR000116,MP024,Kavita Mehta,2022-23,12747486,50000000,46971000,38872000,23875486,SYNTHETIC_DEMO_NOT_OFFICIAL_ACCOUNTING
BR000117,MP024,Kavita Mehta,2023-24,23875486,50000000,43549000,30780000,43095486,SYNTHETIC_DEMO_NOT_OFFICIAL_ACCOUNTING
BR000118,MP024,Kavita Mehta,2024-25,43095486,50000000,37526000,22068000,71027486,SYNTHETIC_DEMO_NOT_OFFICIAL_ACCOUNTING
BR000119,MP024,Kavita Mehta,2025-26,71027486,50000000,43398000,15249000,105778486,SYNTHETIC_DEMO_NOT_OFFICIAL_ACCOUNTING
BR000120,MP024,Kavita Mehta,2026-27,105778486,50000000,31810000,28024000,127754486,SYNTHETIC_DEMO_NOT_OFFICIAL_ACCOUNTING
BR000121,MP025,Arjun Nair,2022-23,7877595,50000000,26431000,22705000,35172595,SYNTHETIC_DEMO_NOT_OFFICIAL_ACCOUNTING
BR000122,MP025,Arjun Nair,2023-24,35172595,50000000,49643000,30018000,55154595,SYNTHETIC_DEMO_NOT_OFFICIAL_ACCOUNTING
BR000123,MP025,Arjun Nair,2024-25,55154595,50000000,29057000,18835000,86319595,SYNTHETIC_DEMO_NOT_OFFICIAL_ACCOUNTING
BR000124,MP025,Arjun Nair,2025-26,86319595,50000000,32134000,29373000,106946595,SYNTHETIC_DEMO_NOT_OFFICIAL_ACCOUNTING
BR000125,MP025,Arjun Nair,2026-27,106946595,50000000,25294000,15148000,141798595,SYNTHETIC_DEMO_NOT_OFFICIAL_ACCOUNTING
BR000126,MP026,Meena Sharma,2022-23,12242582,50000000,42591000,21548000,40694582,SYNTHETIC_DEMO_NOT_OFFICIAL_ACCOUNTING
BR000127,MP026,Meena Sharma,2023-24,40694582,50000000,40729000,22400000,68294582,SYNTHETIC_DEMO_NOT_OFFICIAL_ACCOUNTING
BR000128,MP026,Meena Sharma,2024-25,68294582,50000000,31863000,17655000,100639582,SYNTHETIC_DEMO_NOT_OFFICIAL_ACCOUNTING
BR000129,MP026,Meena Sharma,2025-26,100639582,50000000,26107000,22846000,127793582,SYNTHETIC_DEMO_NOT_OFFICIAL_ACCOUNTING
BR000130,MP026,Meena Sharma,2026-27,127793582,50000000,46477000,41031000,136762582,SYNTHETIC_DEMO_NOT_OFFICIAL_ACCOUNTING
BR000131,MP027,Nitin Singh,2022-23,11211232,50000000,47946000,31087000,30124232,SYNTHETIC_DEMO_NOT_OFFICIAL_ACCOUNTING
BR000132,MP027,Nitin Singh,2023-24,30124232,50000000,30159000,25908000,54216232,SYNTHETIC_DEMO_NOT_OFFICIAL_ACCOUNTING
BR000133,MP027,Nitin Singh,2024-25,54216232,50000000,45498000,35272000,68944232,SYNTHETIC_DEMO_NOT_OFFICIAL_ACCOUNTING
BR000134,MP027,Nitin Singh,2025-26,68944232,50000000,33174000,22151000,96793232,SYNTHETIC_DEMO_NOT_OFFICIAL_ACCOUNTING
BR000135,MP027,Nitin Singh,2026-27,96793232,50000000,26557000,23164000,123629232,SYNTHETIC_DEMO_NOT_OFFICIAL_ACCOUNTING
BR000136,MP028,Pooja Joshi,2022-23,12136733,50000000,40234000,22112000,40024733,SYNTHETIC_DEMO_NOT_OFFICIAL_ACCOUNTING
BR000137,MP028,Pooja Joshi,2023-24,40024733,50000000,45418000,22025000,67999733,SYNTHETIC_DEMO_NOT_OFFICIAL_ACCOUNTING
BR000138,MP028,Pooja Joshi,2024-25,67999733,50000000,25380000,18609000,99390733,SYNTHETIC_DEMO_NOT_OFFICIAL_ACCOUNTING
BR000139,MP028,Pooja Joshi,2025-26,99390733,50000000,31728000,17102000,132288733,SYNTHETIC_DEMO_NOT_OFFICIAL_ACCOUNTING
BR000140,MP028,Pooja Joshi,2026-27,132288733,50000000,48689000,42201000,140087733,SYNTHETIC_DEMO_NOT_OFFICIAL_ACCOUNTING
BR000141,MP029,Manoj Mehta,2022-23,2545534,50000000,32317000,11750000,40795534,SYNTHETIC_DEMO_NOT_OFFICIAL_ACCOUNTING
BR000142,MP029,Manoj Mehta,2023-24,40795534,50000000,46349000,21681000,69114534,SYNTHETIC_DEMO_NOT_OFFICIAL_ACCOUNTING
BR000143,MP029,Manoj Mehta,2024-25,69114534,50000000,36871000,13119000,105995534,SYNTHETIC_DEMO_NOT_OFFICIAL_ACCOUNTING
BR000144,MP029,Manoj Mehta,2025-26,105995534,50000000,30651000,20407000,135588534,SYNTHETIC_DEMO_NOT_OFFICIAL_ACCOUNTING
BR000145,MP029,Manoj Mehta,2026-27,135588534,50000000,45074000,24461000,161127534,SYNTHETIC_DEMO_NOT_OFFICIAL_ACCOUNTING
BR000146,MP030,Deepak Nair,2022-23,4595109,50000000,43653000,19890000,34705109,SYNTHETIC_DEMO_NOT_OFFICIAL_ACCOUNTING
BR000147,MP030,Deepak Nair,2023-24,34705109,50000000,48886000,42793000,41912109,SYNTHETIC_DEMO_NOT_OFFICIAL_ACCOUNTING
BR000148,MP030,Deepak Nair,2024-25,41912109,50000000,32748000,21127000,70785109,SYNTHETIC_DEMO_NOT_OFFICIAL_ACCOUNTING
BR000149,MP030,Deepak Nair,2025-26,70785109,50000000,38159000,29866000,90919109,SYNTHETIC_DEMO_NOT_OFFICIAL_ACCOUNTING
BR000150,MP030,Deepak Nair,2026-27,90919109,50000000,48421000,38308000,102611109,SYNTHETIC_DEMO_NOT_OFFICIAL_ACCOUNTING
BR000151,MP031,Amit Sharma,2022-23,12754184,50000000,49930000,31749000,31005184,SYNTHETIC_DEMO_NOT_OFFICIAL_ACCOUNTING
BR000152,MP031,Amit Sharma,2023-24,31005184,50000000,33212000,19532000,61473184,SYNTHETIC_DEMO_NOT_OFFICIAL_ACCOUNTING
BR000153,MP031,Amit Sharma,2024-25,61473184,50000000,37894000,29736000,81737184,SYNTHETIC_DEMO_NOT_OFFICIAL_ACCOUNTING
BR000154,MP031,Amit Sharma,2025-26,81737184,50000000,49623000,35132000,96605184,SYNTHETIC_DEMO_NOT_OFFICIAL_ACCOUNTING
BR000155,MP031,Amit Sharma,2026-27,96605184,50000000,29702000,21592000,125013184,SYNTHETIC_DEMO_NOT_OFFICIAL_ACCOUNTING
BR000156,MP032,Rahul Singh,2022-23,6665237,50000000,33510000,29555000,27110237,SYNTHETIC_DEMO_NOT_OFFICIAL_ACCOUNTING
BR000157,MP032,Rahul Singh,2023-24,27110237,50000000,36023000,21099000,56011237,SYNTHETIC_DEMO_NOT_OFFICIAL_ACCOUNTING
BR000158,MP032,Rahul Singh,2024-25,56011237,50000000,26487000,19311000,86700237,SYNTHETIC_DEMO_NOT_OFFICIAL_ACCOUNTING
BR000159,MP032,Rahul Singh,2025-26,86700237,50000000,41033000,27447000,109253237,SYNTHETIC_DEMO_NOT_OFFICIAL_ACCOUNTING
BR000160,MP032,Rahul Singh,2026-27,109253237,50000000,46894000,33118000,126135237,SYNTHETIC_DEMO_NOT_OFFICIAL_ACCOUNTING
BR000161,MP033,Priya Joshi,2022-23,11866537,50000000,48258000,18360000,43506537,SYNTHETIC_DEMO_NOT_OFFICIAL_ACCOUNTING
BR000162,MP033,Priya Joshi,2023-24,43506537,50000000,27115000,21330000,72176537,SYNTHETIC_DEMO_NOT_OFFICIAL_ACCOUNTING
BR000163,MP033,Priya Joshi,2024-25,72176537,50000000,40658000,19981000,102195537,SYNTHETIC_DEMO_NOT_OFFICIAL_ACCOUNTING
BR000164,MP033,Priya Joshi,2025-26,102195537,50000000,37955000,20911000,131284537,SYNTHETIC_DEMO_NOT_OFFICIAL_ACCOUNTING
BR000165,MP033,Priya Joshi,2026-27,131284537,50000000,31402000,11350000,169934537,SYNTHETIC_DEMO_NOT_OFFICIAL_ACCOUNTING
BR000166,MP034,Anita Mehta,2022-23,915811,50000000,49978000,26469000,24446811,SYNTHETIC_DEMO_NOT_OFFICIAL_ACCOUNTING
BR000167,MP034,Anita Mehta,2023-24,24446811,50000000,25482000,17947000,56499811,SYNTHETIC_DEMO_NOT_OFFICIAL_ACCOUNTING
BR000168,MP034,Anita Mehta,2024-25,56499811,50000000,48727000,40431000,66068811,SYNTHETIC_DEMO_NOT_OFFICIAL_ACCOUNTING
BR000169,MP034,Anita Mehta,2025-26,66068811,50000000,40877000,29281000,86787811,SYNTHETIC_DEMO_NOT_OFFICIAL_ACCOUNTING
BR000170,MP034,Anita Mehta,2026-27,86787811,50000000,25991000,18682000,118105811,SYNTHETIC_DEMO_NOT_OFFICIAL_ACCOUNTING
BR000171,MP035,Ravi Nair,2022-23,4481494,50000000,32656000,22959000,31522494,SYNTHETIC_DEMO_NOT_OFFICIAL_ACCOUNTING
BR000172,MP035,Ravi Nair,2023-24,31522494,50000000,43111000,32927000,48595494,SYNTHETIC_DEMO_NOT_OFFICIAL_ACCOUNTING
BR000173,MP035,Ravi Nair,2024-25,48595494,50000000,34116000,27512000,71083494,SYNTHETIC_DEMO_NOT_OFFICIAL_ACCOUNTING
BR000174,MP035,Ravi Nair,2025-26,71083494,50000000,46975000,16528000,104555494,SYNTHETIC_DEMO_NOT_OFFICIAL_ACCOUNTING
BR000175,MP035,Ravi Nair,2026-27,104555494,50000000,47753000,29260000,125295494,SYNTHETIC_DEMO_NOT_OFFICIAL_ACCOUNTING
BR000176,MP036,Neha Sharma,2022-23,10290760,50000000,33962000,15594000,44696760,SYNTHETIC_DEMO_NOT_OFFICIAL_ACCOUNTING
BR000177,MP036,Neha Sharma,2023-24,44696760,50000000,32899000,16285000,78411760,SYNTHETIC_DEMO_NOT_OFFICIAL_ACCOUNTING
BR000178,MP036,Neha Sharma,2024-25,78411760,50000000,49781000,20978000,107433760,SYNTHETIC_DEMO_NOT_OFFICIAL_ACCOUNTING
BR000179,MP036,Neha Sharma,2025-26,107433760,50000000,47689000,22767000,134666760,SYNTHETIC_DEMO_NOT_OFFICIAL_ACCOUNTING
BR000180,MP036,Neha Sharma,2026-27,134666760,50000000,26324000,21013000,163653760,SYNTHETIC_DEMO_NOT_OFFICIAL_ACCOUNTING
BR000181,MP037,Vikram Singh,2022-23,12348470,50000000,46268000,42094000,20254470,SYNTHETIC_DEMO_NOT_OFFICIAL_ACCOUNTING
BR000182,MP037,Vikram Singh,2023-24,20254470,50000000,27338000,14632000,55622470,SYNTHETIC_DEMO_NOT_OFFICIAL_ACCOUNTING
BR000183,MP037,Vikram Singh,2024-25,55622470,50000000,27765000,12565000,93057470,SYNTHETIC_DEMO_NOT_OFFICIAL_ACCOUNTING
BR000184,MP037,Vikram Singh,2025-26,93057470,50000000,41429000,33074000,109983470,SYNTHETIC_DEMO_NOT_OFFICIAL_ACCOUNTING
BR000185,MP037,Vikram Singh,2026-27,109983470,50000000,31894000,11630000,148353470,SYNTHETIC_DEMO_NOT_OFFICIAL_ACCOUNTING
BR000186,MP038,Suresh Joshi,2022-23,10018052,50000000,42988000,28666000,31352052,SYNTHETIC_DEMO_NOT_OFFICIAL_ACCOUNTING
BR000187,MP038,Suresh Joshi,2023-24,31352052,50000000,49464000,27210000,54142052,SYNTHETIC_DEMO_NOT_OFFICIAL_ACCOUNTING
BR000188,MP038,Suresh Joshi,2024-25,54142052,50000000,40587000,32554000,71588052,SYNTHETIC_DEMO_NOT_OFFICIAL_ACCOUNTING
BR000189,MP038,Suresh Joshi,2025-26,71588052,50000000,40706000,23487000,98101052,SYNTHETIC_DEMO_NOT_OFFICIAL_ACCOUNTING
BR000190,MP038,Suresh Joshi,2026-27,98101052,50000000,38556000,14831000,133270052,SYNTHETIC_DEMO_NOT_OFFICIAL_ACCOUNTING
BR000191,MP039,Kavita Mehta,2022-23,11418498,50000000,35147000,27729000,33689498,SYNTHETIC_DEMO_NOT_OFFICIAL_ACCOUNTING
BR000192,MP039,Kavita Mehta,2023-24,33689498,50000000,29915000,17691000,65998498,SYNTHETIC_DEMO_NOT_OFFICIAL_ACCOUNTING
BR000193,MP039,Kavita Mehta,2024-25,65998498,50000000,29853000,18708000,97290498,SYNTHETIC_DEMO_NOT_OFFICIAL_ACCOUNTING
BR000194,MP039,Kavita Mehta,2025-26,97290498,50000000,26007000,16167000,131123498,SYNTHETIC_DEMO_NOT_OFFICIAL_ACCOUNTING
BR000195,MP039,Kavita Mehta,2026-27,131123498,50000000,47446000,28491000,152632498,SYNTHETIC_DEMO_NOT_OFFICIAL_ACCOUNTING
BR000196,MP040,Arjun Nair,2022-23,13967699,50000000,29822000,17056000,46911699,SYNTHETIC_DEMO_NOT_OFFICIAL_ACCOUNTING
BR000197,MP040,Arjun Nair,2023-24,46911699,50000000,44076000,17816000,79095699,SYNTHETIC_DEMO_NOT_OFFICIAL_ACCOUNTING
BR000198,MP040,Arjun Nair,2024-25,79095699,50000000,32394000,12647000,116448699,SYNTHETIC_DEMO_NOT_OFFICIAL_ACCOUNTING
BR000199,MP040,Arjun Nair,2025-26,116448699,50000000,36455000,30566000,135882699,SYNTHETIC_DEMO_NOT_OFFICIAL_ACCOUNTING
BR000200,MP040,Arjun Nair,2026-27,135882699,50000000,33321000,27456000,158426699,SYNTHETIC_DEMO_NOT_OFFICIAL_ACCOUNTING
BR000201,MP041,Meena Sharma,2022-23,4880094,50000000,47554000,36626000,18254094,SYNTHETIC_DEMO_NOT_OFFICIAL_ACCOUNTING
BR000202,MP041,Meena Sharma,2023-24,18254094,50000000,44743000,18691000,49563094,SYNTHETIC_DEMO_NOT_OFFICIAL_ACCOUNTING
BR000203,MP041,Meena Sharma,2024-25,49563094,50000000,35484000,14539000,85024094,SYNTHETIC_DEMO_NOT_OFFICIAL_ACCOUNTING
BR000204,MP041,Meena Sharma,2025-26,85024094,50000000,31020000,15727000,119297094,SYNTHETIC_DEMO_NOT_OFFICIAL_ACCOUNTING
BR000205,MP041,Meena Sharma,2026-27,119297094,50000000,43768000,22590000,146707094,SYNTHETIC_DEMO_NOT_OFFICIAL_ACCOUNTING
BR000206,MP042,Nitin Singh,2022-23,3113258,50000000,45152000,30731000,22382258,SYNTHETIC_DEMO_NOT_OFFICIAL_ACCOUNTING
BR000207,MP042,Nitin Singh,2023-24,22382258,50000000,26757000,12365000,60017258,SYNTHETIC_DEMO_NOT_OFFICIAL_ACCOUNTING
BR000208,MP042,Nitin Singh,2024-25,60017258,50000000,33966000,29598000,80419258,SYNTHETIC_DEMO_NOT_OFFICIAL_ACCOUNTING
BR000209,MP042,Nitin Singh,2025-26,80419258,50000000,41851000,25138000,105281258,SYNTHETIC_DEMO_NOT_OFFICIAL_ACCOUNTING
BR000210,MP042,Nitin Singh,2026-27,105281258,50000000,48689000,30404000,124877258,SYNTHETIC_DEMO_NOT_OFFICIAL_ACCOUNTING
BR000211,MP043,Pooja Joshi,2022-23,10677034,50000000,43611000,19086000,41591034,SYNTHETIC_DEMO_NOT_OFFICIAL_ACCOUNTING
BR000212,MP043,Pooja Joshi,2023-24,41591034,50000000,25987000,11409000,80182034,SYNTHETIC_DEMO_NOT_OFFICIAL_ACCOUNTING
BR000213,MP043,Pooja Joshi,2024-25,80182034,50000000,44493000,22789000,107393034,SYNTHETIC_DEMO_NOT_OFFICIAL_ACCOUNTING
BR000214,MP043,Pooja Joshi,2025-26,107393034,50000000,29462000,10994000,146399034,SYNTHETIC_DEMO_NOT_OFFICIAL_ACCOUNTING
BR000215,MP043,Pooja Joshi,2026-27,146399034,50000000,49147000,28483000,167916034,SYNTHETIC_DEMO_NOT_OFFICIAL_ACCOUNTING
BR000216,MP044,Manoj Mehta,2022-23,9207957,50000000,49188000,40491000,18716957,SYNTHETIC_DEMO_NOT_OFFICIAL_ACCOUNTING
BR000217,MP044,Manoj Mehta,2023-24,18716957,50000000,30770000,19712000,49004957,SYNTHETIC_DEMO_NOT_OFFICIAL_ACCOUNTING
BR000218,MP044,Manoj Mehta,2024-25,49004957,50000000,35359000,23434000,75570957,SYNTHETIC_DEMO_NOT_OFFICIAL_ACCOUNTING
BR000219,MP044,Manoj Mehta,2025-26,75570957,50000000,39003000,32568000,93002957,SYNTHETIC_DEMO_NOT_OFFICIAL_ACCOUNTING
BR000220,MP044,Manoj Mehta,2026-27,93002957,50000000,39032000,29750000,113252957,SYNTHETIC_DEMO_NOT_OFFICIAL_ACCOUNTING
BR000221,MP045,Deepak Nair,2022-23,10138664,50000000,43831000,19323000,40815664,SYNTHETIC_DEMO_NOT_OFFICIAL_ACCOUNTING
BR000222,MP045,Deepak Nair,2023-24,40815664,50000000,47874000,40038000,50777664,SYNTHETIC_DEMO_NOT_OFFICIAL_ACCOUNTING
BR000223,MP045,Deepak Nair,2024-25,50777664,50000000,45516000,37160000,63617664,SYNTHETIC_DEMO_NOT_OFFICIAL_ACCOUNTING
BR000224,MP045,Deepak Nair,2025-26,63617664,50000000,37811000,16224000,97393664,SYNTHETIC_DEMO_NOT_OFFICIAL_ACCOUNTING
BR000225,MP045,Deepak Nair,2026-27,97393664,50000000,46400000,33103000,114290664,SYNTHETIC_DEMO_NOT_OFFICIAL_ACCOUNTING
BR000226,MP046,Amit Sharma,2022-23,3489874,50000000,49166000,36252000,17237874,SYNTHETIC_DEMO_NOT_OFFICIAL_ACCOUNTING
BR000227,MP046,Amit Sharma,2023-24,17237874,50000000,29260000,24347000,42890874,SYNTHETIC_DEMO_NOT_OFFICIAL_ACCOUNTING
BR000228,MP046,Amit Sharma,2024-25,42890874,50000000,31458000,12886000,80004874,SYNTHETIC_DEMO_NOT_OFFICIAL_ACCOUNTING
BR000229,MP046,Amit Sharma,2025-26,80004874,50000000,39737000,16117000,113887874,SYNTHETIC_DEMO_NOT_OFFICIAL_ACCOUNTING
BR000230,MP046,Amit Sharma,2026-27,113887874,50000000,40950000,30224000,133663874,SYNTHETIC_DEMO_NOT_OFFICIAL_ACCOUNTING
BR000231,MP047,Rahul Singh,2022-23,2974493,50000000,28205000,15420000,37554493,SYNTHETIC_DEMO_NOT_OFFICIAL_ACCOUNTING
BR000232,MP047,Rahul Singh,2023-24,37554493,50000000,42290000,24835000,62719493,SYNTHETIC_DEMO_NOT_OFFICIAL_ACCOUNTING
BR000233,MP047,Rahul Singh,2024-25,62719493,50000000,30281000,22669000,90050493,SYNTHETIC_DEMO_NOT_OFFICIAL_ACCOUNTING
BR000234,MP047,Rahul Singh,2025-26,90050493,50000000,31501000,14814000,125236493,SYNTHETIC_DEMO_NOT_OFFICIAL_ACCOUNTING
BR000235,MP047,Rahul Singh,2026-27,125236493,50000000,48835000,22189000,153047493,SYNTHETIC_DEMO_NOT_OFFICIAL_ACCOUNTING
BR000236,MP048,Priya Joshi,2022-23,1849783,50000000,25475000,14277000,37572783,SYNTHETIC_DEMO_NOT_OFFICIAL_ACCOUNTING
BR000237,MP048,Priya Joshi,2023-24,37572783,50000000,42421000,38386000,49186783,SYNTHETIC_DEMO_NOT_OFFICIAL_ACCOUNTING
BR000238,MP048,Priya Joshi,2024-25,49186783,50000000,46684000,18224000,80962783,SYNTHETIC_DEMO_NOT_OFFICIAL_ACCOUNTING
BR000239,MP048,Priya Joshi,2025-26,80962783,50000000,38303000,16077000,114885783,SYNTHETIC_DEMO_NOT_OFFICIAL_ACCOUNTING
BR000240,MP048,Priya Joshi,2026-27,114885783,50000000,47511000,40345000,124540783,SYNTHETIC_DEMO_NOT_OFFICIAL_ACCOUNTING
BR000241,MP049,Anita Mehta,2022-23,3815867,50000000,26346000,19510000,34305867,SYNTHETIC_DEMO_NOT_OFFICIAL_ACCOUNTING
BR000242,MP049,Anita Mehta,2023-24,34305867,50000000,28727000,17462000,66843867,SYNTHETIC_DEMO_NOT_OFFICIAL_ACCOUNTING
BR000243,MP049,Anita Mehta,2024-25,66843867,50000000,30060000,14902000,101941867,SYNTHETIC_DEMO_NOT_OFFICIAL_ACCOUNTING
BR000244,MP049,Anita Mehta,2025-26,101941867,50000000,26748000,19088000,132853867,SYNTHETIC_DEMO_NOT_OFFICIAL_ACCOUNTING
BR000245,MP049,Anita Mehta,2026-27,132853867,50000000,32656000,12484000,170369867,SYNTHETIC_DEMO_NOT_OFFICIAL_ACCOUNTING
BR000246,MP050,Ravi Nair,2022-23,5041393,50000000,30257000,22727000,32314393,SYNTHETIC_DEMO_NOT_OFFICIAL_ACCOUNTING
BR000247,MP050,Ravi Nair,2023-24,32314393,50000000,37417000,33967000,48347393,SYNTHETIC_DEMO_NOT_OFFICIAL_ACCOUNTING
BR000248,MP050,Ravi Nair,2024-25,48347393,50000000,33870000,29232000,69115393,SYNTHETIC_DEMO_NOT_OFFICIAL_ACCOUNTING
BR000249,MP050,Ravi Nair,2025-26,69115393,50000000,49000000,38883000,80232393,SYNTHETIC_DEMO_NOT_OFFICIAL_ACCOUNTING
BR000250,MP050,Ravi Nair,2026-27,80232393,50000000,33314000,23623000,106609393,SYNTHETIC_DEMO_NOT_OFFICIAL_ACCOUNTING
BR000251,MP051,Neha Sharma,2022-23,12719005,50000000,48805000,27151000,35568005,SYNTHETIC_DEMO_NOT_OFFICIAL_ACCOUNTING
BR000252,MP051,Neha Sharma,2023-24,35568005,50000000,40691000,27155000,58413005,SYNTHETIC_DEMO_NOT_OFFICIAL_ACCOUNTING
BR000253,MP051,Neha Sharma,2024-25,58413005,50000000,45839000,22976000,85437005,SYNTHETIC_DEMO_NOT_OFFICIAL_ACCOUNTING
BR000254,MP051,Neha Sharma,2025-26,85437005,50000000,28595000,14659000,120778005,SYNTHETIC_DEMO_NOT_OFFICIAL_ACCOUNTING
BR000255,MP051,Neha Sharma,2026-27,120778005,50000000,34128000,21183000,149595005,SYNTHETIC_DEMO_NOT_OFFICIAL_ACCOUNTING
BR000256,MP052,Vikram Singh,2022-23,12709575,50000000,42655000,17144000,45565575,SYNTHETIC_DEMO_NOT_OFFICIAL_ACCOUNTING
BR000257,MP052,Vikram Singh,2023-24,45565575,50000000,41715000,35417000,60148575,SYNTHETIC_DEMO_NOT_OFFICIAL_ACCOUNTING
BR000258,MP052,Vikram Singh,2024-25,60148575,50000000,27696000,11244000,98904575,SYNTHETIC_DEMO_NOT_OFFICIAL_ACCOUNTING
BR000259,MP052,Vikram Singh,2025-26,98904575,50000000,35879000,32596000,116308575,SYNTHETIC_DEMO_NOT_OFFICIAL_ACCOUNTING
BR000260,MP052,Vikram Singh,2026-27,116308575,50000000,37869000,19170000,147138575,SYNTHETIC_DEMO_NOT_OFFICIAL_ACCOUNTING
BR000261,MP053,Suresh Joshi,2022-23,3692193,50000000,34282000,30575000,23117193,SYNTHETIC_DEMO_NOT_OFFICIAL_ACCOUNTING
BR000262,MP053,Suresh Joshi,2023-24,23117193,50000000,43894000,20868000,52249193,SYNTHETIC_DEMO_NOT_OFFICIAL_ACCOUNTING
BR000263,MP053,Suresh Joshi,2024-25,52249193,50000000,26647000,13872000,88377193,SYNTHETIC_DEMO_NOT_OFFICIAL_ACCOUNTING
BR000264,MP053,Suresh Joshi,2025-26,88377193,50000000,44191000,40617000,97760193,SYNTHETIC_DEMO_NOT_OFFICIAL_ACCOUNTING
BR000265,MP053,Suresh Joshi,2026-27,97760193,50000000,25112000,10193000,137567193,SYNTHETIC_DEMO_NOT_OFFICIAL_ACCOUNTING
BR000266,MP054,Kavita Mehta,2022-23,2685095,50000000,44732000,18958000,33727095,SYNTHETIC_DEMO_NOT_OFFICIAL_ACCOUNTING
BR000267,MP054,Kavita Mehta,2023-24,33727095,50000000,48465000,23321000,60406095,SYNTHETIC_DEMO_NOT_OFFICIAL_ACCOUNTING
BR000268,MP054,Kavita Mehta,2024-25,60406095,50000000,28544000,23703000,86703095,SYNTHETIC_DEMO_NOT_OFFICIAL_ACCOUNTING
BR000269,MP054,Kavita Mehta,2025-26,86703095,50000000,49832000,34293000,102410095,SYNTHETIC_DEMO_NOT_OFFICIAL_ACCOUNTING
BR000270,MP054,Kavita Mehta,2026-27,102410095,50000000,31088000,11242000,141168095,SYNTHETIC_DEMO_NOT_OFFICIAL_ACCOUNTING
BR000271,MP055,Arjun Nair,2022-23,2211629,50000000,26065000,18231000,33980629,SYNTHETIC_DEMO_NOT_OFFICIAL_ACCOUNTING
BR000272,MP055,Arjun Nair,2023-24,33980629,50000000,34697000,17947000,66033629,SYNTHETIC_DEMO_NOT_OFFICIAL_ACCOUNTING
BR000273,MP055,Arjun Nair,2024-25,66033629,50000000,30180000,20956000,95077629,SYNTHETIC_DEMO_NOT_OFFICIAL_ACCOUNTING
BR000274,MP055,Arjun Nair,2025-26,95077629,50000000,32963000,21474000,123603629,SYNTHETIC_DEMO_NOT_OFFICIAL_ACCOUNTING
BR000275,MP055,Arjun Nair,2026-27,123603629,50000000,25584000,16890000,156713629,SYNTHETIC_DEMO_NOT_OFFICIAL_ACCOUNTING
BR000276,MP056,Meena Sharma,2022-23,14776574,50000000,42074000,32495000,32281574,SYNTHETIC_DEMO_NOT_OFFICIAL_ACCOUNTING
BR000277,MP056,Meena Sharma,2023-24,32281574,50000000,47468000,23764000,58517574,SYNTHETIC_DEMO_NOT_OFFICIAL_ACCOUNTING
BR000278,MP056,Meena Sharma,2024-25,58517574,50000000,26768000,10750000,97767574,SYNTHETIC_DEMO_NOT_OFFICIAL_ACCOUNTING
BR000279,MP056,Meena Sharma,2025-26,97767574,50000000,26039000,16040000,131727574,SYNTHETIC_DEMO_NOT_OFFICIAL_ACCOUNTING
BR000280,MP056,Meena Sharma,2026-27,131727574,50000000,42999000,36894000,144833574,SYNTHETIC_DEMO_NOT_OFFICIAL_ACCOUNTING
BR000281,MP057,Nitin Singh,2022-23,12041040,50000000,49560000,40189000,21852040,SYNTHETIC_DEMO_NOT_OFFICIAL_ACCOUNTING
BR000282,MP057,Nitin Singh,2023-24,21852040,50000000,39906000,23132000,48720040,SYNTHETIC_DEMO_NOT_OFFICIAL_ACCOUNTING
BR000283,MP057,Nitin Singh,2024-25,48720040,50000000,35922000,25270000,73450040,SYNTHETIC_DEMO_NOT_OFFICIAL_ACCOUNTING
BR000284,MP057,Nitin Singh,2025-26,73450040,50000000,26818000,22121000,101329040,SYNTHETIC_DEMO_NOT_OFFICIAL_ACCOUNTING
BR000285,MP057,Nitin Singh,2026-27,101329040,50000000,36530000,23590000,127739040,SYNTHETIC_DEMO_NOT_OFFICIAL_ACCOUNTING
BR000286,MP058,Pooja Joshi,2022-23,5802683,50000000,37749000,29762000,26040683,SYNTHETIC_DEMO_NOT_OFFICIAL_ACCOUNTING
BR000287,MP058,Pooja Joshi,2023-24,26040683,50000000,29790000,21188000,54852683,SYNTHETIC_DEMO_NOT_OFFICIAL_ACCOUNTING
BR000288,MP058,Pooja Joshi,2024-25,54852683,50000000,49185000,29356000,75496683,SYNTHETIC_DEMO_NOT_OFFICIAL_ACCOUNTING
BR000289,MP058,Pooja Joshi,2025-26,75496683,50000000,33585000,16453000,109043683,SYNTHETIC_DEMO_NOT_OFFICIAL_ACCOUNTING
BR000290,MP058,Pooja Joshi,2026-27,109043683,50000000,25392000,17571000,141472683,SYNTHETIC_DEMO_NOT_OFFICIAL_ACCOUNTING
BR000291,MP059,Manoj Mehta,2022-23,10124754,50000000,30386000,16670000,43454754,SYNTHETIC_DEMO_NOT_OFFICIAL_ACCOUNTING
BR000292,MP059,Manoj Mehta,2023-24,43454754,50000000,28026000,17247000,76207754,SYNTHETIC_DEMO_NOT_OFFICIAL_ACCOUNTING
BR000293,MP059,Manoj Mehta,2024-25,76207754,50000000,40041000,15790000,110417754,SYNTHETIC_DEMO_NOT_OFFICIAL_ACCOUNTING
BR000294,MP059,Manoj Mehta,2025-26,110417754,50000000,48246000,38120000,122297754,SYNTHETIC_DEMO_NOT_OFFICIAL_ACCOUNTING
BR000295,MP059,Manoj Mehta,2026-27,122297754,50000000,37878000,34837000,137460754,SYNTHETIC_DEMO_NOT_OFFICIAL_ACCOUNTING
BR000296,MP060,Deepak Nair,2022-23,4402683,50000000,44639000,35906000,18496683,SYNTHETIC_DEMO_NOT_OFFICIAL_ACCOUNTING
BR000297,MP060,Deepak Nair,2023-24,18496683,50000000,35180000,28284000,40212683,SYNTHETIC_DEMO_NOT_OFFICIAL_ACCOUNTING
BR000298,MP060,Deepak Nair,2024-25,40212683,50000000,32600000,26802000,63410683,SYNTHETIC_DEMO_NOT_OFFICIAL_ACCOUNTING
BR000299,MP060,Deepak Nair,2025-26,63410683,50000000,38989000,23124000,90286683,SYNTHETIC_DEMO_NOT_OFFICIAL_ACCOUNTING
BR000300,MP060,Deepak Nair,2026-27,90286683,50000000,28364000,14454000,125832683,SYNTHETIC_DEMO_NOT_OFFICIAL_ACCOUNTING
